,quarter,composite,outlook,grain,dairy,livestock,grain_margin,dairy_margin,livestock_margin,corn_bu,soy_bu,wheat_bu,crude,fedfunds,milk_ppi,cattle_ppi,hogs_ppi,delinquency
2003-01-01,Q1'03,,,,,,0.0,0.0,0.0,2.6850675251839964,5.7016911251293925,3.7319983075832828,34.015262249827465,1.25,85.59999999999998,113.39999999999999,57.166666666666664,2.57
2003-04-01,Q2'03,,,,,,0.0,0.0,0.0,2.7117607921716393,6.204155694353727,3.4042548313686463,29.102041847041843,1.2466666666666668,83.3,115.66666666666667,72.66666666666667,2.62
2003-07-01,Q3'03,,,,,,0.0,0.0,0.0,2.5507916620299147,5.932491245736266,3.446462240676806,30.263553234205414,1.0166666666666666,99.09999999999998,119.46666666666665,72.16666666666667,2.57
2003-10-01,Q4'03,,,,,,0.0,0.0,0.0,2.745873518366955,7.546758645361848,3.7781332455608787,31.16590579710145,0.9966666666666667,108.33333333333333,148.5,62.666666666666664,2.2
2004-01-01,Q1'04,,55.35905893573899,,,,0.0,0.0,0.0,3.1128345551781953,8.873339165430922,3.9151262505863693,35.20974440052701,1.0033333333333332,105.59999999999998,121.16666666666667,73.5,1.9
2004-04-01,Q2'04,,55.239836267535665,,,,0.0,0.0,0.0,3.268335250241803,9.358491412120882,3.8655789671035112,38.34443722943723,1.01,139.86666666666667,130.76666666666665,92.7,1.71
2004-07-01,Q3'04,,47.45062194491912,,,,0.0,0.0,0.0,2.5935999758485657,6.550025886312504,3.458741350061688,43.827272727272735,1.4333333333333333,116.09999999999998,127.8,93.76666666666667,1.56
2004-10-01,Q4'04,,41.05233875134125,,,,0.0,0.0,0.0,2.394348872315053,5.33277392000508,3.3905213465710893,48.3261820063994,1.95,120.06666666666666,125.3,89.63333333333333,1.46
2005-01-01,Q1'05,,34.932241783571115,,,,0.0,0.0,0.0,2.458952816275862,5.682874055782762,3.409759338279202,49.69181608005521,2.47,117.56666666666666,134.26666666666668,84.2,1.42
2005-04-01,Q2'05,,29.36851726741644,,,,0.0,0.0,0.0,2.4508142058642193,6.504185712241619,3.28118956973287,53.08813131313132,2.9433333333333334,111.33333333333333,134.03333333333333,85.10000000000001,1.32
2005-07-01,Q3'05,,28.25577236418551,,,,0.0,0.0,0.0,2.5572520146546722,6.31205336413004,3.6206279547287434,63.11056747600227,3.4599999999999995,112.56666666666666,124.0,81.10000000000001,1.23
2005-10-01,Q4'05,,28.2160314747844,,,,0.0,0.0,0.0,2.541886851655246,5.793325715309529,3.8048861175333517,60.01606782106782,3.98,113.56666666666666,133.83333333333334,77.83333333333333,1.15
2006-01-01,Q1'06,,28.732663036998765,,,,0.0,0.0,0.0,2.6644227962203835,5.815813976544405,4.166199046938324,63.22543083003952,4.456666666666667,101.56666666666666,131.76666666666665,68.83333333333333,1.12
2006-04-01,Q2'06,,29.010849262806495,,,,0.0,0.0,0.0,2.778461238772025,5.830993061751709,4.669534991112843,70.53011923583664,4.906666666666667,90.33333333333333,120.89999999999999,76.93333333333334,1.05
2006-07-01,Q3'06,,31.117116401065044,,,,0.0,0.0,0.0,2.962243396558483,5.628151511796662,4.639488214251156,70.50972394755003,5.246666666666667,92.06666666666666,126.16666666666667,86.0,1.08
2006-10-01,Q4'06,,37.3166951476374,,,,0.0,0.0,0.0,3.954900314855672,6.3973583016233535,4.937431398798726,60.06528138528139,5.246666666666667,103.8,125.86666666666667,76.2,1.18
2007-01-01,Q1'07,,42.88041966379208,,,,0.0,0.0,0.0,4.33624749575941,7.355992857164714,4.7277298379780825,58.2045303030303,5.256666666666667,112.56666666666666,134.33333333333334,74.96666666666667,1.19
2007-04-01,Q2'07,,48.32492151174344,,,,0.0,0.0,0.0,4.0414125702636055,7.769321667101698,5.1081275414652145,64.98893719806763,5.25,137.1,140.4,83.53333333333333,1.33
2007-07-01,Q3'07,,54.48475936891468,,,,0.0,0.0,0.0,3.8810897057595217,8.800024859909566,6.900366371832994,75.3571791831357,5.073333333333333,162.63333333333333,135.06666666666666,81.5,1.15
2007-10-01,Q4'07,,61.3599332353058,,,,0.0,0.0,0.0,4.364892897573554,10.618502416666864,8.430871296409403,90.82254909341866,4.496666666666667,162.13333333333333,134.56666666666666,63.333333333333336,1.13
2008-01-01,Q1'08,55.22177889497708,77.21654810634662,100.0,4.761904761904762,4.761904761904762,1.424014617797563,-1.1332279863628432,-2.417308618871053,5.592802372090559,13.295794222072537,10.28561303958347,97.94928226363008,3.1766666666666663,144.13333333333333,133.43333333333334,62.333333333333336,1.1
2008-04-01,Q2'08,49.573799554961354,90.13233716170568,95.45454545454547,4.545454545454546,9.090909090909092,0.8840036378707448,-1.1337473065994834,-1.287268821462476,6.5815358240557975,13.828586589173085,8.43158296153452,123.97860750360746,2.0866666666666664,139.36666666666667,137.13333333333333,85.96666666666665,1.09
2008-07-01,Q3'08,54.07720024383102,89.77466915709573,91.30434782608695,13.043478260869565,100.0,0.49113184481953853,-0.5656655530396664,0.09622690949062251,6.233883138091484,13.232090737861139,7.861974853325222,118.36634669678149,1.9400000000000002,140.1,145.9,95.2,1.18
2008-10-01,Q4'08,19.090981788405635,99.98807773317967,87.5,100.0,12.5,0.19379200338961866,0.49409330527834466,-0.5342207530845771,4.286382341542421,8.951444753021411,5.3136522451772885,57.965420289855075,0.5066666666666667,126.10000000000001,128.13333333333333,69.10000000000001,1.4
2009-01-01,Q1'09,21.78274168850074,88.10555180224934,96.0,12.0,12.0,0.9220553392656679,-0.9723853548938892,-0.9456664326448087,4.244328056670295,9.431448513724078,5.493881579743139,42.896469696969696,0.18333333333333335,91.83333333333333,120.76666666666665,69.36666666666666,1.81
2009-04-01,Q2'09,31.192902350333707,75.15002185748916,96.15384615384616,3.8461538461538463,15.384615384615385,1.1472437387531143,-1.3713957924914775,-0.8682928288991918,4.472836755976862,11.266507399466168,5.945536972022643,59.61177489177489,0.18000000000000002,87.06666666666666,125.3,69.86666666666666,2.11
2009-07-01,Q3'09,24.815704231558332,73.6796089496483,85.18518518518519,18.51851851851852,11.11111111111111,0.6330445600115716,-0.9634267718453742,-1.020467364884056,3.847704926184046,10.487863504307443,4.824465612641505,68.22356954639564,0.15666666666666665,90.56666666666666,122.10000000000001,64.10000000000001,2.51
2009-10-01,Q4'09,18.297025188310812,57.028176290585385,82.14285714285715,25.0,10.714285714285715,0.5727151755646759,-0.17826029273890714,-1.2108093992533955,4.263858934351986,10.023145437102905,4.649187336408673,76.14055649664344,0.12,115.06666666666666,119.73333333333333,68.63333333333334,3.17
2010-01-01,Q1'10,9.919043965137464,53.0143464610738,75.86206896551724,27.586206896551722,100.0,0.2856299114046335,-0.05344214367926513,0.21408776233638638,4.133393970697021,9.548739734154202,4.394799524170862,78.65624844720497,0.13333333333333333,117.06666666666666,130.46666666666667,84.3,3.0
2010-04-01,Q2'10,6.604869675654445,52.2592695624528,70.0,30.0,100.0,0.13526505182465343,-0.022248553547731073,1.6313158797651517,4.008169724576309,9.572574620913166,4.212629893287117,77.89639971139971,0.19333333333333336,113.06666666666666,143.4,98.3,3.29
2010-07-01,Q3'10,4.0033225200434615,52.06056511544728,87.09677419354838,96.77419354838709,96.77419354838709,0.692612085515353,0.3669281254617608,1.077926733758464,4.617636966940471,10.347895310881512,5.8335884926538775,76.0230303030303,0.18666666666666668,126.10000000000001,141.13333333333333,98.60000000000001,3.17
2010-10-01,Q4'10,5.804591235819312,51.62341533203514,96.875,25.0,87.5,1.3782338374402536,-0.14561460484328004,0.000838554425017124,6.134977837833805,12.436435257209586,6.811964898347152,85.13932461258548,0.18666666666666668,132.86666666666667,144.26666666666665,83.23333333333333,2.66
2011-01-01,Q1'11,5.685887410737401,52.140046894249494,100.0,21.21212121212121,96.96969696969697,1.6199522769436472,-0.2691337895652648,1.1396924472404466,7.189570570947667,13.806309854290255,8.155209642825614,93.95782056590751,0.15666666666666668,140.6,165.03333333333333,99.39999999999999,2.39
2011-04-01,Q2'11,2.6868894658185316,53.61045980209037,97.05882352941177,94.11764705882354,97.05882352941177,1.4366824140350942,0.07024367933213327,1.2883263012758013,7.942580028912601,13.607724756072317,8.16230158881734,102.57844877344876,0.09333333333333334,151.1,171.83333333333334,111.83333333333333,2.19
2011-07-01,Q3'11,3.080936147273472,53.65020069149148,88.57142857142857,100.0,97.14285714285714,1.3022156444333985,0.6944115490758922,1.303704517736481,7.683387671364389,13.554682291222939,7.552172469003327,89.68687496078802,0.08333333333333333,162.63333333333333,169.36666666666667,119.16666666666667,1.97
2011-10-01,Q4'11,0.05854159417043592,53.76942335969479,72.22222222222221,94.44444444444444,97.22222222222221,0.6090746897949035,0.4391207708776208,1.4582772708308789,6.8384023015746305,11.746927899793164,6.6422333933942515,94.02927128427127,0.07333333333333335,150.36666666666667,176.33333333333334,108.23333333333333,1.84
2012-01-01,Q1'12,5.2010169465721905,53.05408735047491,75.67567567567568,18.91891891891892,97.29729729729729,0.6810726603066811,-0.32936714282747426,1.4913690838900635,7.054371731089308,12.69666906322368,6.651212388417157,102.86222943722943,0.10333333333333333,134.86666666666667,189.4,107.10000000000001,1.63
2012-04-01,Q2'12,13.850441267985314,51.70289711083735,78.94736842105263,15.789473684210527,86.8421052631579,0.8595395786356415,-0.7354861337252284,1.2080628577858312,6.862029414306703,14.266966487581566,6.340552147519746,93.42032436162872,0.15333333333333335,123.09999999999998,185.73333333333335,106.76666666666667,1.52
2012-07-01,Q3'12,26.515881540496146,51.70289711083735,100.00000000000001,17.94871794871795,79.48717948717949,1.6512229193940302,-0.5676467849552815,0.43164340968518533,8.348051323678565,16.760484274273708,8.554210291064486,92.24728392621871,0.14333333333333334,136.6,181.4,103.86666666666667,1.7
2012-10-01,Q4'12,20.944811917027163,51.384969995628495,85.0,97.5,80.0,1.283034581722903,0.5402534177584644,0.613530284227324,8.058403511939138,14.817338562457795,8.535691335169128,88.19342932429889,0.16,161.13333333333333,184.76666666666665,100.36666666666667,1.42
2013-01-01,Q1'13,22.283655595338036,51.94134244724397,80.48780487804878,34.146341463414636,80.48780487804878,0.9585886614375595,-0.037757052952454906,0.7028267058044022,7.752063916343802,14.501274876802897,7.468165054098505,94.41270427881297,0.14333333333333334,146.4,185.79999999999998,102.60000000000001,1.22
2013-04-01,Q2'13,26.11874990589419,52.85538290346939,73.80952380952381,88.09523809523809,80.95238095238095,0.8605131651312493,0.11529280798588981,0.9789354070643087,7.3854038359653975,14.697607271688142,7.321524489259018,94.20139459815546,0.11666666666666665,146.9,185.76666666666665,114.16666666666667,1.15
2013-07-01,Q3'13,25.42562475142739,53.13356912927711,55.81395348837209,88.37209302325581,93.0232558139535,0.426836471567671,0.2874056362443539,1.3672710231520422,6.108533249448427,14.057942039794995,7.020633279507463,105.75240479327432,0.08333333333333333,146.63333333333333,184.66666666666666,125.0,1.14
2013-10-01,Q4'13,22.457228814067175,53.292532686881536,52.27272727272728,100.00000000000001,97.72727272727273,0.21576056645659902,1.1092843834980415,1.541817208291115,5.067702073338168,13.046657022239854,7.112633887892433,97.43278781604867,0.08666666666666667,160.86666666666667,195.4,106.03333333333335,1.09
2014-01-01,Q1'14,27.543609896789313,53.252791797480434,53.333333333333336,100.0,100.0,0.25526701342772623,1.7824581190264477,1.9535198050846276,5.338692384095247,13.56141809761995,6.789236654621894,98.7453795721187,0.07333333333333335,184.13333333333333,214.6,115.3,1.05
2014-04-01,Q2'14,37.27507517791931,52.69641934586496,56.52173913043478,97.82608695652173,100.0,0.34457265261389647,1.6683248493212577,2.264212198234552,5.436220066160991,14.707379919170478,7.492789169336359,103.13537518037516,0.09333333333333334,181.86666666666667,221.16666666666666,141.03333333333333,0.99
2014-07-01,Q3'14,18.68495711302437,52.33875134125501,2.127659574468085,100.0,100.0,-0.2510434407306007,2.2380594523281325,2.8103495688235762,4.419079609113679,11.476419646641958,6.1586382134015745,97.51240730284208,0.09000000000000001,182.9,238.5666666666667,140.76666666666668,0.84
2014-10-01,Q4'14,12.310987181336397,52.2592695624528,4.166666666666667,97.91666666666667,97.91666666666667,-0.08575962166464336,1.9461676272763326,2.607014091249579,4.409669193746048,10.092962026078077,6.001630046041931,73.08438405797101,0.09999999999999999,170.86666666666667,248.5,118.30000000000001,0.68
2015-01-01,Q1'15,14.798361107123947,51.98108333664507,53.06122448979592,87.75510204081633,91.83673469387756,0.22184519451727056,0.569187097318769,1.6371988233351937,4.427009742655765,9.904809082705428,5.601412502164494,48.73218181818182,0.11,127.59999999999998,245.0666666666667,65.26666666666667,0.84
2015-04-01,Q2'15,16.514923544812977,52.06056511544728,46.0,88.0,92.0,0.01196770995094748,0.6008548292515605,1.6978449803080151,4.278566578772842,9.649632252946677,5.343123966609528,57.865281385281385,0.12333333333333334,125.3,242.03333333333333,78.60000000000001,0.84
2015-07-01,Q3'15,18.644649820679216,51.86186066844176,47.05882352941176,90.19607843137254,90.19607843137254,0.12705915215067848,0.8180446024793913,1.6418649974118746,4.304907991993452,9.461174556431393,4.869768231965598,46.54051759834368,0.1366666666666667,127.10000000000001,223.03333333333333,93.53333333333335,0.74
2015-10-01,Q4'15,18.812573506983455,51.70289711083735,46.15384615384615,92.3076923076923,67.3076923076923,0.09532497103083848,1.1384829839353743,0.9908077765674801,4.24664193473676,8.797966046342754,4.419309418790644,42.083320471798736,0.16,132.86666666666667,192.0666666666667,83.16666666666667,0.96
2016-01-01,Q1'16,24.110662739022505,49.437666414974366,52.83018867924528,84.90566037735849,69.81132075471699,0.20822721995679527,0.6366594455212868,1.133261957640027,4.064572363168895,8.802065295170413,4.426626508938725,33.35454796411318,0.36000000000000004,120.26666666666667,201.33333333333334,79.06666666666666,1.09
2016-04-01,Q2'16,33.41660682715833,49.437666414974366,61.111111111111114,70.37037037037037,62.96296296296296,0.298485381420598,0.18483737573875675,0.9522504252025801,4.3468490572243255,10.555406242886903,4.3330631441680865,45.55518037518038,0.37333333333333335,113.13333333333333,192.66666666666666,91.53333333333335,1.12
2016-07-01,Q3'16,32.896224595020016,49.31844374677106,43.63636363636363,89.0909090909091,61.81818181818181,0.08344177372946926,0.8312930567727295,0.7268245307145675,3.8995322677002404,10.12973095873683,3.4913534201045895,44.94930986887508,0.39666666666666667,128.93333333333334,175.26666666666665,87.46666666666665,1.29
2016-10-01,Q4'16,33.67040285844065,48.96077574216111,5.357142857142858,89.28571428571429,51.78571428571429,-0.0023459889777158183,0.9158236178448615,0.012116764738137109,3.866751205901314,9.99753742107555,3.3380018818629855,49.11105339105339,0.45,135.33333333333334,158.46666666666667,64.33333333333333,1.45
2017-01-01,Q1'17,37.63198348256712,48.36466240114454,43.859649122807014,89.47368421052632,59.64912280701754,0.04877442207238286,0.9841751740987111,0.647294094123342,4.080757316700896,10.21987860998399,3.909379103698439,51.791620553359685,0.7000000000000001,139.66666666666666,179.76666666666665,86.3,1.51
2017-04-01,Q2'17,37.314352355737704,45.5430592536661,3.4482758620689653,82.75862068965517,65.51724137931033,-0.10769136847650385,0.7375403688923244,0.9612985164187344,4.00591494660116,9.414418748460186,4.010577651696006,48.30633992094861,0.9500000000000001,128.93333333333334,193.46666666666667,88.26666666666667,1.51
2017-07-01,Q3'17,40.61415687692542,43.39705122600643,3.389830508474576,89.83050847457626,62.71186440677966,-0.13730582848256867,1.0465127367886309,0.7649362657674323,3.839581505343958,9.6589356307803,4.100412077005441,48.12181504485852,1.1533333333333333,135.5666666666667,169.79999999999998,99.63333333333333,1.56
2017-10-01,Q4'17,41.64520385963745,43.43679211540754,1.6666666666666667,85.0,53.333333333333336,-0.32258491407833834,0.8977229319477698,0.3558084286191836,3.781429673665339,9.76883997373927,3.7964814318747075,55.41061327561328,1.2033333333333334,135.79999999999998,172.0,77.53333333333333,1.53
2018-01-01,Q1'18,45.43513925666449,43.51627389420975,3.278688524590164,62.295081967213115,55.73770491803279,-0.2726592792876912,0.1789951878751716,0.5208023728438701,4.161200594755169,10.069625387221592,4.622940517479562,62.880745718050065,1.4466666666666665,120.0,184.79999999999998,85.66666666666667,1.63
2018-04-01,Q2'18,47.8926257630212,43.0393832213965,3.225806451612903,64.51612903225806,48.387096774193544,-0.31999693617762726,0.19931867769587716,0.09153834680771204,4.4022245390146155,9.943344140601805,5.136071732403922,68.0295652173913,1.7366666666666666,123.33333333333333,172.66666666666666,81.36666666666666,1.71
2018-07-01,Q3'18,44.009183263684335,43.238087668402024,1.5873015873015872,66.66666666666666,47.61904761904761,-0.6450519043417349,0.33477570256890027,0.027928551412021857,4.013594183093052,8.488040011135036,5.436194190936236,69.73081225296443,1.9233333333333331,122.56666666666666,166.06666666666666,75.60000000000001,1.73
2018-10-01,Q4'18,48.06742059267456,40.29726185272027,3.125,70.3125,45.3125,-0.5971003393133784,0.4531214211622679,0.00396058720858028,4.138163426270395,8.787064384927678,5.0670389164685,58.6200909718301,2.22,129.70000000000002,165.83333333333334,75.56666666666666,1.73
2019-01-01,Q1'19,50.72198079500054,41.012597861940144,4.615384615384616,67.6923076923077,52.307692307692314,-0.48380853199165197,0.41655981370232825,0.10087461824236132,4.257466782903496,9.049249424180964,4.819546921028653,54.797955831608,2.4033333333333333,129.96666666666667,180.96666666666667,68.7,1.73
2019-04-01,Q2'19,48.861753439403714,44.549537018638475,4.545454545454545,77.27272727272727,57.57575757575758,-0.53663989808778,0.6173960238551053,0.5145134390729749,4.470648432377252,8.674251327716256,4.463400345605863,59.758818181818185,2.3966666666666665,137.36666666666667,174.86666666666667,100.86666666666667,1.83
2019-07-01,Q3'19,46.5836348987953,49.23896196796885,7.462686567164179,88.05970149253731,47.76119402985075,-0.453453202022589,0.9793574432061904,0.09008342977698458,4.322372012016044,8.732034766467747,4.171295491932167,56.3555138339921,2.19,145.26666666666668,160.73333333333332,87.39999999999999,1.9
2019-10-01,Q4'19,42.29755780182891,59.29340698644837,11.764705882352942,94.11764705882354,47.05882352941177,-0.2845237772255512,1.304886470845284,0.07393275390530485,4.23964130721333,9.142339003208054,4.3182015666285,56.835405295187904,1.6433333333333333,157.29999999999998,167.63333333333333,76.3,2.05
2020-01-01,Q1'20,37.09026184416992,66.04935818463618,20.28985507246377,85.5072463768116,55.072463768115945,-0.006107579711175759,0.9363650106105219,0.22412016700740237,4.256738822686851,8.907070323766472,4.729548876689812,45.881803689064554,1.26,144.26666666666668,173.46666666666667,72.0,1.99
2020-04-01,Q2'20,23.00803791913658,80.27659659023169,70.0,67.14285714285714,58.57142857142857,0.31016169435498736,0.46794043809794794,0.4505076154709184,3.717433654331983,8.509042900252938,4.757455398037847,28.023658008658007,0.06,117.7,162.4333333333333,70.93333333333334,2.17
2020-07-01,Q3'20,26.144112820941434,77.41525255335215,64.78873239436619,92.95774647887323,46.478873239436616,0.25498220727156573,1.2215142142210016,0.08926215344529959,3.9675468483386704,9.324889594116376,4.979442561690957,40.89478386347952,0.09333333333333334,146.03333333333333,155.33333333333334,70.2,2.08
2020-10-01,Q4'20,34.22537839870334,70.93748758097205,81.94444444444444,84.72222222222221,52.77777777777778,0.7596079721333784,0.9498217003993015,0.12923693217289522,4.8819332335144585,11.347119475783305,5.728760970937397,42.62149413388544,0.09000000000000001,153.2,159.70000000000002,89.93333333333334,1.76
2021-01-01,Q1'21,44.79286395232034,66.48650796804833,89.04109589041096,12.32876712328767,10.95890410958904,1.1265730837423333,-0.39980141630522315,-0.30350132940357344,6.122306398406584,13.898040608009104,6.428606821704215,57.75597895100069,0.08,132.76666666666668,166.20000000000002,94.03333333333335,1.63
2021-04-01,Q2'21,49.06131393620866,52.29901045185392,91.89189189189189,12.162162162162161,58.108108108108105,1.2915535293871518,-0.43587066138857467,0.3667722753765337,7.327810448884898,14.984233719358015,6.868696706916551,65.98531746031746,0.07,142.96666666666667,182.26666666666665,140.33333333333334,1.48
2021-07-01,Q3'21,43.464812943024015,52.457974009458326,76.0,16.0,64.0,0.6619266327250388,-0.29353427056932546,0.5423196258604897,6.530533381941476,13.580917254888863,7.150714350512685,70.66636363636364,0.09000000000000001,137.87800000000001,185.178,131.87933333333334,1.31
2021-10-01,Q4'21,39.403481102978766,52.53745578826054,63.15789473684211,65.78947368421053,52.631578947368425,0.2746956013882478,0.46277245667048794,0.16857028352726322,6.375256923478257,12.522754898758981,8.486574439571605,77.42063805759459,0.08,159.07000000000002,190.532,101.86633333333333,1.25
2022-01-01,Q1'22,53.567135027547764,51.94134244724397,75.32467532467533,85.71428571428571,11.688311688311689,0.6410591143407256,0.9759875731049235,-0.019192121031894604,7.665459725503699,15.561178821567593,9.6274213570509,94.42824982746721,0.12,190.98633333333336,206.74633333333335,111.46033333333332,1.14
2022-04-01,Q2'22,67.09727512938888,44.07264634582522,71.7948717948718,84.61538461538463,11.53846153846154,0.5737044839767294,0.9755399368123734,-0.10692409958212346,8.71379081640813,16.841384862257453,11.32008649048486,108.79129148629151,0.77,207.583,213.75233333333335,128.98233333333334,0.94
2022-07-01,Q3'22,76.22789302826361,27.3814727973612,46.835443037974684,75.9493670886076,64.55696202531647,0.048414878003002926,0.8048209010889267,0.5347951426662696,7.782623452120951,15.289368077903319,8.992979148507464,93.33690131124912,2.19,189.965,215.03666666666666,150.737,0.92
2022-10-01,Q4'22,87.87450604185713,9.81599968207289,16.25,73.75,11.25,-0.08851309211906244,0.6974336873411868,-0.2364845744940436,8.185314394876693,14.32546023799392,9.268611710119755,82.64828282828283,3.653333333333333,194.561,220.00733333333332,109.77133333333332,0.94
2023-01-01,Q1'23,99.90179705588756,0.0,19.753086419753085,19.753086419753085,13.580246913580247,-0.004111759462885667,-0.09551667067991376,-0.023369524455594926,7.502224283218688,15.095652605444068,8.726492020619371,76.20904150197629,4.516666666666667,168.00633333333334,237.0773333333333,98.19,0.79
2023-04-01,Q2'23,99.92510505004273,2.106267138258566,14.634146341463413,10.97560975609756,69.51219512195122,-0.10771183223043623,-0.5114147016368739,0.6608343401377246,6.996270328788242,14.347149658748835,8.11495369678922,73.70226548089592,4.989999999999999,147.83566666666667,265.891,102.65166666666666,0.81
2023-07-01,Q3'23,100.0,15.816873981639699,1.2048192771084338,19.27710843373494,85.5421686746988,-0.665263432092858,-0.16418300203511182,1.3402555783092456,5.645833353417999,14.083170039789598,6.79859015300173,82.12674258109041,5.260000000000001,148.34633333333332,277.69233333333335,117.01633333333332,0.78
2023-10-01,Q4'23,95.3881517614519,32.42856575130151,1.1904761904761905,59.523809523809526,65.47619047619048,-0.9019838884780043,0.3886711398315693,0.5487307087254747,5.404904020789596,13.133815926966431,6.0064012334197185,78.35468975468974,5.33,163.155,263.1646666666666,79.497,0.8
2024-01-01,Q1'24,89.6150280888668,42.72145610618766,1.1764705882352942,57.64705882352941,72.94117647058823,-1.1348890110554668,0.35862958040292714,0.8845210258423979,4.89342346086304,11.937371479460712,5.961586631617212,77.5908557625949,5.33,156.77166666666668,272.72766666666666,80.62966666666667,1.03
2024-04-01,Q2'24,88.16730495234191,48.36466240114453,2.3255813953488373,75.58139534883722,95.34883720930233,-1.120154110285933,0.7137709877371864,1.6985289335764944,4.937685967301216,11.851258475599309,5.815357698445098,81.73905467720685,5.33,166.72966666666665,296.7436666666667,114.04066666666667,0.94
2024-07-01,Q3'24,80.814053205697,52.378492230656136,1.1494252873563218,95.40229885057471,95.40229885057471,-1.3401665043132476,1.4819272007304456,1.7508455356549621,4.493668957164171,10.3872479132271,4.96445058610392,76.35700263504611,5.263333333333333,183.58166666666668,297.71333333333337,106.88266666666668,1.28
2024-10-01,Q4'24,72.13201430518153,60.525374557882614,4.545454545454546,94.31818181818183,86.36363636363637,-1.057790056304612,1.3305561970302286,1.471916859224681,5.027146727266471,9.935813459882635,5.16094313280889,70.75268304159609,4.6499999999999995,185.62433333333334,290.35366666666664,102.68633333333332,1.17
2025-01-01,Q1'25,70.33902596689076,64.34049994038867,6.741573033707866,83.14606741573034,94.38202247191012,-0.8802055674510856,0.9737631693115254,1.713707078393277,5.4474544631507005,10.244585697314873,5.083268254567734,71.808588336784,4.33,177.96433333333334,314.813,109.29933333333334,1.19
2025-04-01,Q2'25,70.9827254473725,64.34049994038867,7.777777777777779,70.0,97.77777777777779,-0.8692567270567185,0.6924560389655473,2.329628329687673,5.216560140368041,10.42561933278442,4.942780477256769,64.78116161616163,4.33,162.389,349.8006666666667,121.06099999999999,1.16
2025-07-01,Q3'25,69.31237615298083,63.98283193577872,2.197802197802198,72.52747252747254,100.00000000000001,-1.142283649134142,0.708260869862383,2.8930185793436443,4.839998927642925,10.126881800979577,4.351637472182394,65.74037455298325,4.293333333333333,158.559,374.3416666666667,141.01733333333334,1.11
2025-10-01,Q4'25,67.94854876226917,61.39967412470691,9.782608695652174,51.086956521739125,94.56521739130434,-0.8501605868379588,0.2132295083391999,1.9691203104663106,5.122524317426118,10.643854643304516,4.465330302208427,59.64563965744401,3.8966666666666665,149.87833333333333,360.715,104.59866666666666,1.16
2026-01-01,Q1'26,67.38676209814503,60.64459722608592,9.677419354838708,19.354838709677416,92.47311827956989,-0.8646068789319915,-0.13120089890463693,1.8570737975104807,5.315971120449657,11.061386505773033,4.879527982417945,71.89865151515151,3.64,141.708,370.6993333333333,106.67933333333333,1.12
2026-04-01,Q2'26,69.69430717601549,60.72407900488814,1.0638297872340425,50.0,94.68085106382979,-1.3757006138806485,0.18942488100264687,2.051894929125554,5.299790752131984,11.60266048384268,5.653297920432174,95.85240981240982,3.6333333333333333,161.36766666666665,398.141,120.87166666666667,1.1
