,quarter,all_ratio,all_A,all_rel,all_B,crops_ratio,crops_A,crops_rel,crops_B,livestock_ratio,livestock_A,livestock_rel,livestock_B,dairy_ratio,dairy_A,dairy_rel,dairy_B,price_Corn,price_Soybeans,price_Wheat,price_Milk,price_Steers & heifers,price_Hogs,price_Alfalfa hay
1995-01-01,Q1'95,113.367,91.0,,,112.357,87.0,,,109.23,88.0,,,114.242,80.0,,,2.24,5.46,3.607,12.567,71.267,37.9,89.0
1995-04-01,Q2'95,114.508,93.0,,,122.509,95.0,,,101.527,67.0,,,111.362,73.0,,,2.43,5.597,3.663,12.233,64.5,38.3,91.233
1995-07-01,Q3'95,117.804,95.0,,,122.719,96.0,,,102.488,72.0,,,112.197,77.0,,,2.65,5.903,4.297,12.4,61.867,47.767,87.0
1995-10-01,Q4'95,120.012,98.0,,,123.947,97.0,,,98.212,48.0,,,122.11,88.0,,,2.91,6.44,4.803,13.767,64.067,43.033,85.133
1996-01-01,Q1'96,118.638,96.0,,,129.426,98.0,,,95.003,34.0,,,120.511,86.0,,,3.323,6.927,4.96,13.933,61.3,45.933,84.9
1996-04-01,Q2'96,122.163,99.0,,,137.674,100.0,,,93.874,32.0,,,120.647,87.0,,,4.063,7.51,5.44,14.333,58.433,54.3,101.6
1996-07-01,Q3'96,126.55,100.0,,,136.673,99.0,,,100.84,63.0,,,132.941,95.0,,,4.097,7.743,4.557,15.933,64.767,57.667,97.0
1996-10-01,Q4'96,119.143,97.0,,,119.171,94.0,,,102.339,71.0,,,129.835,92.0,,,2.723,6.917,4.11,15.3,67.433,55.2,96.6
1997-01-01,Q1'97,113.907,92.0,,,117.476,92.0,,,100.84,62.0,,,112.542,78.0,,,2.71,7.493,3.947,13.5,66.1,52.0,111.0
1997-04-01,Q2'97,112.586,89.0,,,117.605,93.0,,,103.74,76.0,,,103.795,64.0,,,2.683,8.263,3.9,12.7,67.033,56.6,120.767
1997-07-01,Q3'97,112.779,90.0,,,116.093,91.0,,,102.592,73.0,,,103.751,63.0,,,2.48,7.163,3.483,12.633,66.333,54.867,106.0
1997-10-01,Q4'97,112.05,88.0,,,113.982,89.0,,,96.362,43.0,,,119.405,85.0,,,2.523,6.69,3.52,14.533,67.367,44.667,105.0
1998-01-01,Q1'98,109.485,81.0,,,112.732,88.0,,,91.578,24.0,,,122.253,89.0,,,2.553,6.553,3.307,14.7,64.567,35.6,103.0
1998-04-01,Q2'98,111.748,87.0,,,114.243,90.0,,,96.648,45.0,,,117.159,84.0,,,2.343,6.227,3.003,13.833,65.7,40.167,100.667
1998-07-01,Q3'98,110.367,85.0,,,105.957,77.0,,,88.792,16.0,,,134.495,98.0,,,1.973,5.607,2.443,15.533,59.867,33.867,89.8
1998-10-01,Q4'98,108.59,80.0,,,103.063,70.0,,,82.226,6.0,,,155.653,100.0,,,1.947,5.313,2.86,17.933,61.333,20.567,83.667
1999-01-01,Q1'99,105.757,74.0,,,102.303,64.0,,,88.593,15.0,,,137.058,99.0,,,2.057,4.91,2.74,15.933,63.767,27.4,82.767
1999-04-01,Q2'99,106.339,76.0,,,105.136,75.0,,,95.02,35.0,,,110.481,72.0,,,2.0,4.523,2.537,12.833,65.967,33.6,86.733
1999-07-01,Q3'99,105.46,71.0,,,98.912,54.0,,,96.165,41.0,,,128.472,91.0,,,1.747,4.383,2.443,14.833,66.167,33.9,82.7
1999-10-01,Q4'99,99.298,48.0,,,90.838,29.0,,,98.804,53.0,,,117.027,83.0,,,1.737,4.453,2.583,13.833,70.6,34.433,76.833
2000-01-01,Q1'00,97.761,42.0,,,91.913,32.0,,,102.23,70.0,,,98.384,49.0,,,1.973,4.773,2.547,11.867,72.0,39.467,76.9
2000-04-01,Q2'00,104.326,70.0,,,100.938,58.0,,,107.336,84.0,,,99.117,53.0,,,2.017,5.04,2.553,12.067,73.3,48.2,84.967
2000-07-01,Q3'00,101.423,56.0,,,95.158,40.0,,,102.221,69.0,,,104.831,66.0,,,1.59,4.523,2.383,12.667,69.0,44.567,84.667
2000-10-01,Q4'00,99.608,49.0,,,92.972,35.0,,,100.326,60.0,,,102.933,58.0,,,1.857,4.593,2.79,12.667,73.7,39.3,88.967
2001-01-01,Q1'01,101.152,54.0,,,92.921,34.0,,,105.621,81.0,,,106.263,69.0,,,1.967,4.51,2.847,13.333,79.533,40.767,92.967
2001-04-01,Q2'01,108.521,79.0,,,99.268,55.0,,,110.086,90.0,,,123.498,90.0,,,1.823,4.337,2.86,15.433,78.0,50.133,106.0
2001-07-01,Q3'01,109.752,83.0,,,101.705,62.0,,,105.339,79.0,,,131.927,94.0,,,1.893,4.723,2.74,16.6,73.533,49.233,105.667
2001-10-01,Q4'01,96.839,35.0,,,89.308,27.0,,,93.276,29.0,,,115.815,81.0,,,1.89,4.15,2.873,14.5,68.8,36.167,105.0
2002-01-01,Q1'02,101.439,57.0,,,101.594,61.0,,,98.009,47.0,,,104.736,65.0,,,1.947,4.273,2.857,13.1,72.933,37.367,100.2
2002-04-01,Q2'02,97.351,38.0,,,98.758,53.0,,,91.901,26.0,,,97.03,47.0,,,1.937,4.663,2.853,12.033,68.533,33.567,104.0
2002-07-01,Q3'02,100.164,50.0,,,105.975,78.0,,,89.007,17.0,,,90.288,36.0,,,2.327,5.423,3.683,11.333,67.2,32.533,100.667
2002-10-01,Q4'02,96.85,36.0,,,97.321,46.0,,,90.18,22.0,,,94.139,40.0,,,2.313,5.373,4.23,11.967,71.833,29.633,100.333
2003-01-01,Q1'03,97.43,39.0,,,96.286,44.0,,,97.585,46.0,,,88.871,32.0,,,2.333,5.55,3.713,11.367,77.533,33.967,97.133
2003-04-01,Q2'03,102.186,63.0,,,104.943,74.0,,,102.723,74.0,,,85.759,26.0,,,2.353,5.993,3.26,11.0,79.0,40.367,99.4
2003-07-01,Q3'03,106.183,75.0,,,102.612,65.0,,,108.268,86.0,,,103.663,62.0,,,2.173,5.853,3.23,13.3,83.7,40.667,91.933
2003-10-01,Q4'03,111.041,86.0,,,105.574,76.0,,,115.373,97.0,,,109.551,71.0,,,2.21,6.94,3.577,14.4,97.767,35.167,87.633
2004-01-01,Q1'04,109.578,82.0,,,104.586,73.0,,,106.435,82.0,,,105.581,67.0,,,2.583,8.303,3.76,14.1,85.267,42.133,85.367
2004-04-01,Q2'04,116.884,94.0,,,107.199,83.0,,,114.148,95.0,,,133.317,96.0,,,2.85,9.42,3.75,18.533,91.767,53.567,100.9
2004-07-01,Q3'04,110.331,84.0,,,102.648,66.0,,,115.53,98.0,,,111.708,76.0,,,2.35,7.04,3.333,15.5,90.633,55.733,98.5
2004-10-01,Q4'04,104.252,69.0,,,94.268,38.0,,,114.572,96.0,,,117.017,82.0,,,2.077,5.457,3.43,16.067,91.067,53.367,95.767
2005-01-01,Q1'05,101.948,62.0,0.941,53.333,90.179,28.0,0.841,25.0,113.222,94.0,1.128,93.333,111.408,74.0,0.979,75.0,2.03,5.647,3.403,15.667,94.167,51.633,95.7
2005-04-01,Q2'05,104.169,68.0,0.964,65.0,97.598,47.0,0.915,48.333,111.121,91.0,1.106,90.0,102.804,57.0,0.904,48.333,2.003,6.273,3.297,14.767,95.233,51.833,108.333
2005-07-01,Q3'05,100.284,51.0,0.93,48.333,92.557,33.0,0.873,38.333,104.545,78.0,1.038,78.333,103.432,60.0,0.912,51.667,1.987,6.19,3.267,14.967,89.333,50.067,106.333
2005-10-01,Q4'05,96.163,31.0,0.896,30.0,85.198,23.0,0.809,10.0,108.398,87.0,1.076,85.0,103.488,61.0,0.914,53.333,1.837,5.69,3.47,15.133,97.6,44.9,99.733
2006-01-01,Q1'06,93.279,24.0,0.874,11.667,86.667,24.0,0.831,16.667,105.546,80.0,1.045,81.667,89.937,35.0,0.797,18.333,2.027,5.703,3.657,13.5,97.133,42.033,97.833
2006-04-01,Q2'06,94.364,28.0,0.889,21.667,95.993,43.0,0.93,53.333,100.089,59.0,0.988,56.667,79.269,15.0,0.708,6.667,2.14,5.607,3.96,11.933,87.9,47.767,111.333
2006-07-01,Q3'06,97.527,40.0,0.925,46.667,95.498,42.0,0.934,55.0,104.485,77.0,1.03,73.333,80.95,18.0,0.729,8.333,2.143,5.357,3.95,12.233,92.233,50.233,110.333
2006-10-01,Q4'06,97.881,43.0,0.935,51.667,94.604,39.0,0.935,56.667,99.601,57.0,0.981,51.667,91.574,38.0,0.835,25.0,2.813,5.927,4.567,13.867,90.9,44.967,111.333
2007-01-01,Q1'07,101.56,59.0,0.975,71.667,102.901,69.0,1.023,80.0,96.34,42.0,0.95,35.0,95.106,43.0,0.875,41.667,3.307,6.73,4.663,15.0,92.867,45.0,116.0
2007-04-01,Q2'07,105.497,72.0,1.016,90.0,102.69,67.0,1.025,81.667,101.252,65.0,0.999,60.0,113.308,79.0,1.046,88.333,3.47,7.17,4.933,18.233,97.033,51.567,135.333
2007-07-01,Q3'07,108.025,78.0,1.042,100.0,102.719,68.0,1.029,83.333,99.668,58.0,0.984,53.333,133.775,97.0,1.233,100.0,3.287,7.81,5.857,21.667,95.667,50.1,135.333
2007-10-01,Q4'07,107.781,77.0,1.041,98.333,106.149,80.0,1.067,90.0,93.214,28.0,0.921,26.667,130.76,93.0,1.196,98.333,3.5,9.26,7.583,21.6,95.967,40.033,135.667
2008-01-01,Q1'08,105.58,73.0,1.02,93.333,109.901,86.0,1.107,100.0,87.261,13.0,0.863,11.667,111.609,75.0,1.019,86.667,4.407,11.017,9.52,19.233,93.6,39.967,139.333
2008-04-01,Q2'08,103.164,65.0,0.998,80.0,109.174,85.0,1.1,98.333,87.799,14.0,0.869,15.0,102.138,55.0,0.934,63.333,5.293,12.4,8.863,18.6,94.8,51.033,165.667
2008-07-01,Q3'08,101.941,61.0,0.988,78.333,106.016,79.0,1.07,91.667,89.097,18.0,0.884,21.667,98.442,50.0,0.904,46.667,5.173,12.3,7.397,18.667,99.633,55.867,177.667
2008-10-01,Q4'08,97.334,37.0,0.946,56.667,98.398,51.0,0.993,70.0,81.726,4.0,0.811,6.667,93.921,39.0,0.869,36.667,4.247,9.527,6.297,16.8,89.833,43.733,162.667
2009-01-01,Q1'09,91.341,22.0,0.89,25.0,96.813,45.0,0.978,63.333,80.023,2.0,0.794,1.667,69.67,3.0,0.654,3.333,4.027,9.543,5.9,12.2,84.533,43.5,142.333
2009-04-01,Q2'09,91.336,21.0,0.893,28.333,97.864,49.0,0.99,68.333,82.158,5.0,0.817,8.333,65.879,1.0,0.629,1.667,3.94,10.63,5.773,11.6,86.967,43.967,129.0
2009-07-01,Q3'09,90.689,19.0,0.89,26.667,95.231,41.0,0.965,61.667,80.379,3.0,0.802,5.0,69.969,4.0,0.675,5.0,3.393,10.45,4.833,12.133,85.3,39.433,111.333
2009-10-01,Q4'09,95.817,30.0,0.943,55.0,98.556,52.0,1.0,71.667,79.768,1.0,0.799,3.333,88.571,31.0,0.866,30.0,3.62,9.587,4.71,15.4,84.533,41.067,109.0
2010-01-01,Q1'10,93.579,25.0,0.922,40.0,93.794,36.0,0.95,58.333,86.153,12.0,0.867,13.333,87.974,30.0,0.867,31.667,3.587,9.53,4.777,15.567,91.267,49.8,111.333
2010-04-01,Q2'10,93.624,26.0,0.924,43.333,91.4,30.0,0.925,50.0,95.463,39.0,0.964,38.333,84.499,22.0,0.835,23.333,3.433,9.443,4.303,15.0,98.5,58.967,117.333
2010-07-01,Q3'10,96.76,34.0,0.957,60.0,93.865,37.0,0.952,60.0,95.36,38.0,0.966,40.0,94.229,41.0,0.934,61.667,3.74,9.957,5.24,16.767,97.867,60.267,118.333
2010-10-01,Q4'10,101.664,60.0,1.007,85.0,103.089,71.0,1.046,88.333,89.782,21.0,0.911,25.0,95.891,45.0,0.953,71.667,4.563,10.967,6.14,17.7,101.3,51.167,118.667
2011-01-01,Q1'11,98.837,46.0,0.978,73.333,99.386,56.0,1.006,75.0,98.832,54.0,1.006,63.333,95.81,44.0,0.954,73.333,5.373,12.333,7.22,18.733,113.0,60.1,130.667
2011-04-01,Q2'11,101.529,58.0,1.006,83.333,101.995,63.0,1.031,85.0,100.432,61.0,1.024,71.667,99.535,54.0,0.994,78.333,6.353,13.167,7.86,20.1,115.667,68.7,179.0
2011-07-01,Q3'11,100.892,52.0,1.001,81.667,100.994,59.0,1.02,76.667,99.342,56.0,1.015,68.333,106.221,68.0,1.067,91.667,6.53,12.933,7.41,21.667,115.333,71.533,197.333
2011-10-01,Q4'11,98.783,45.0,0.982,76.667,97.664,48.0,0.986,65.0,101.348,66.0,1.037,76.667,98.29,48.0,0.993,76.667,5.807,11.667,7.257,20.067,124.667,65.533,197.333
2012-01-01,Q1'12,98.029,44.0,0.974,70.0,98.108,50.0,0.989,66.667,101.727,68.0,1.039,80.0,85.449,25.0,0.867,33.333,6.233,12.367,7.117,17.9,126.0,64.733,195.667
2012-04-01,Q2'12,97.663,41.0,0.971,68.333,101.165,60.0,1.021,78.333,98.892,55.0,1.009,65.0,77.468,13.0,0.79,16.667,6.35,13.9,6.827,16.4,122.0,65.267,210.0
2012-07-01,Q3'12,101.242,55.0,1.007,86.667,107.782,84.0,1.087,96.667,95.002,33.0,0.968,41.667,85.161,24.0,0.873,38.333,7.22,15.3,8.067,18.267,119.0,64.9,204.0
2012-10-01,Q4'12,103.696,67.0,1.031,96.667,107.039,82.0,1.079,95.0,96.019,40.0,0.977,48.333,99.074,51.0,1.017,83.333,6.887,14.267,8.383,21.5,125.333,61.833,214.667
2013-01-01,Q1'13,103.167,66.0,1.024,95.0,106.924,81.0,1.075,93.333,96.426,44.0,0.979,50.0,89.803,34.0,0.921,56.667,7.043,14.5,7.96,19.533,126.333,62.5,218.0
2013-04-01,Q2'13,102.76,64.0,1.019,91.667,104.033,72.0,1.043,86.667,98.761,51.0,1.003,61.667,90.43,37.0,0.927,58.333,6.97,14.8,7.587,19.567,126.0,68.267,216.667
2013-07-01,Q3'13,98.936,47.0,0.98,75.0,100.0,57.0,1.003,73.333,98.227,49.0,0.999,58.333,89.422,33.0,0.916,55.0,6.133,14.233,6.877,19.6,122.333,73.567,199.667
2013-10-01,Q4'13,94.123,27.0,0.934,50.0,88.747,26.0,0.891,45.0,101.142,64.0,1.031,75.0,99.105,52.0,1.018,85.0,4.47,12.733,6.84,21.5,130.667,64.533,189.0
2014-01-01,Q1'14,96.417,32.0,0.961,63.333,86.923,25.0,0.876,41.667,107.548,85.0,1.1,88.333,108.529,70.0,1.118,96.667,4.43,13.267,6.63,24.467,145.0,69.533,189.667
2014-04-01,Q2'14,101.12,53.0,1.011,88.333,91.532,31.0,0.926,51.667,110.006,89.0,1.125,91.667,102.523,56.0,1.056,90.0,4.64,14.333,6.797,24.233,148.333,85.467,219.333
2014-07-01,Q3'14,96.575,33.0,0.97,66.667,84.102,22.0,0.855,28.333,115.733,99.0,1.185,98.333,103.056,59.0,1.07,93.333,3.727,12.133,5.943,24.4,158.0,84.067,207.0
2014-10-01,Q4'14,90.166,18.0,0.909,36.667,76.782,9.0,0.784,1.667,117.477,100.0,1.203,100.0,96.562,46.0,1.004,80.0,3.653,10.157,5.963,22.767,166.0,69.333,185.0
2015-01-01,Q1'15,89.53,17.0,0.905,33.333,78.183,12.0,0.802,6.667,111.395,92.0,1.14,95.0,73.779,9.0,0.772,11.667,3.807,10.02,5.913,17.0,163.0,52.7,168.667
2015-04-01,Q2'15,94.668,29.0,0.96,61.667,82.812,20.0,0.852,26.667,112.234,93.0,1.149,96.667,73.08,7.0,0.772,13.333,3.66,9.617,5.437,16.767,160.333,55.933,180.0
2015-07-01,Q3'15,90.838,20.0,0.924,45.0,81.107,17.0,0.838,23.333,106.469,83.0,1.09,86.667,75.312,11.0,0.802,20.0,3.72,9.57,4.93,17.0,146.333,57.4,164.333
2015-10-01,Q4'15,83.8,8.0,0.854,5.0,76.472,5.0,0.792,3.333,95.08,36.0,0.973,46.667,81.55,20.0,0.875,40.0,3.637,8.75,4.823,17.767,127.667,48.067,150.333
2016-01-01,Q1'16,85.839,13.0,0.878,15.0,77.958,11.0,0.809,11.667,98.694,50.0,1.013,66.667,72.832,6.0,0.786,15.0,3.6,8.593,4.61,15.7,134.333,47.733,139.0
2016-04-01,Q2'16,87.839,15.0,0.9,31.667,83.245,21.0,0.866,30.0,98.783,52.0,1.016,70.0,68.914,2.0,0.747,10.0,3.687,9.657,4.37,14.8,129.667,56.267,146.667
2016-07-01,Q3'16,84.479,11.0,0.867,6.667,79.592,14.0,0.831,18.333,91.733,25.0,0.943,31.667,80.839,17.0,0.879,43.333,3.343,9.847,3.637,16.9,115.667,53.267,137.0
2016-10-01,Q4'16,80.827,2.0,0.832,1.667,75.959,3.0,0.796,5.0,83.41,7.0,0.861,10.0,87.115,29.0,0.947,70.0,3.283,9.47,3.82,17.8,107.0,41.267,130.667
2017-01-01,Q1'17,84.944,12.0,0.879,18.333,76.164,4.0,0.802,8.333,95.241,37.0,0.987,55.0,86.745,27.0,0.944,68.333,3.443,9.753,4.18,18.2,122.333,51.833,129.0
2017-04-01,Q2'17,91.628,23.0,0.952,58.333,82.28,19.0,0.873,40.0,103.425,75.0,1.072,83.333,79.702,16.0,0.869,35.0,3.437,9.24,4.193,16.833,133.667,54.7,153.333
2017-07-01,Q3'17,88.466,16.0,0.922,41.667,81.759,18.0,0.872,36.667,93.516,30.0,0.969,43.333,84.542,23.0,0.931,60.0,3.343,9.337,4.753,17.733,114.333,59.233,150.0
2017-10-01,Q4'17,84.455,10.0,0.885,20.0,76.688,8.0,0.823,13.333,91.278,23.0,0.947,33.333,83.785,21.0,0.935,65.0,3.213,9.233,4.62,17.833,117.333,48.633,150.333
2018-01-01,Q1'18,82.977,7.0,0.875,13.333,76.578,7.0,0.828,15.0,93.548,31.0,0.971,45.0,71.982,5.0,0.814,21.667,3.393,9.537,4.89,15.7,125.667,52.367,157.667
2018-04-01,Q2'18,85.993,14.0,0.912,38.333,80.659,16.0,0.88,43.333,89.475,19.0,0.927,28.333,73.734,8.0,0.843,26.667,3.613,9.747,5.287,16.1,119.0,51.967,184.667
2018-07-01,Q3'18,81.954,5.0,0.873,10.0,79.254,13.0,0.871,35.0,84.449,8.0,0.875,18.333,74.452,10.0,0.858,28.333,3.41,8.817,5.153,16.167,111.333,48.7,178.333
2018-10-01,Q4'18,79.752,1.0,0.854,3.333,75.037,2.0,0.831,21.667,85.886,11.0,0.891,23.333,78.506,14.0,0.911,50.0,3.457,8.503,5.243,17.1,115.333,46.633,176.0
2019-01-01,Q1'19,80.885,3.0,0.87,8.333,74.544,1.0,0.831,20.0,89.53,20.0,0.928,30.0,77.026,12.0,0.898,45.0,3.59,8.56,5.267,17.0,126.333,44.833,181.667
2019-04-01,Q2'19,83.986,9.0,0.906,35.0,77.409,10.0,0.868,33.333,92.152,27.0,0.952,36.667,81.121,19.0,0.944,66.667,3.713,8.203,4.84,17.933,121.667,60.4,197.0
2019-07-01,Q3'19,82.274,6.0,0.89,23.333,80.247,15.0,0.906,46.667,84.888,10.0,0.875,20.0,87.104,28.0,1.009,81.667,3.963,8.317,4.373,18.967,109.667,54.267,180.333
2019-10-01,Q4'19,81.019,4.0,0.878,16.667,76.49,6.0,0.867,31.667,84.749,9.0,0.873,16.667,94.285,42.0,1.087,95.0,3.747,8.63,4.493,20.7,114.667,48.133,172.667
2020-01-01,Q1'20,82.065,5.0,0.893,28.333,77.145,9.0,0.88,41.667,87.159,12.0,0.896,23.333,84.525,22.0,0.973,73.333,3.75,8.637,4.873,18.7,120.333,47.0,169.667
2020-04-01,Q2'20,78.139,0.0,0.853,1.667,79.425,13.0,0.91,46.667,83.224,6.0,0.856,8.333,71.344,4.0,0.822,21.667,3.217,8.323,4.727,15.333,110.667,44.867,179.0
2020-07-01,Q3'20,79.46,0.0,0.871,8.333,81.331,17.0,0.935,56.667,77.744,0.0,0.802,5.0,86.566,26.0,1.001,78.333,3.247,8.8,4.603,18.867,102.333,44.167,170.333
2020-10-01,Q4'20,81.001,3.0,0.892,26.667,80.44,15.0,0.928,51.667,81.306,3.0,0.842,8.333,87.358,29.0,1.013,81.667,3.79,10.177,5.227,19.633,109.333,52.433,166.333
2021-01-01,Q1'21,81.51,4.0,0.903,31.667,82.128,18.0,0.954,60.0,83.034,6.0,0.862,10.0,73.625,7.0,0.855,26.667,4.627,12.267,5.723,17.033,114.333,57.933,172.0
2021-04-01,Q2'21,89.398,16.0,0.995,78.333,90.156,27.0,1.052,88.333,90.347,22.0,0.942,30.0,77.364,12.0,0.905,48.333,5.74,14.4,6.243,18.533,121.667,79.2,199.667
2021-07-01,Q3'21,89.344,16.0,0.998,78.333,89.865,27.0,1.053,88.333,89.918,21.0,0.94,30.0,73.205,7.0,0.862,28.333,5.97,13.333,7.05,17.9,125.667,76.6,210.0
2021-10-01,Q4'21,88.093,15.0,0.987,76.667,85.722,23.0,1.007,75.0,86.928,12.0,0.911,23.333,82.975,20.0,0.986,75.0,5.25,12.167,8.343,20.667,133.0,60.2,216.333
2022-01-01,Q1'22,89.7,17.0,1.008,86.667,83.846,21.0,0.989,65.0,88.09,14.0,0.927,26.667,93.499,38.0,1.116,95.0,6.077,14.333,9.19,24.667,140.667,67.5,221.0
2022-04-01,Q2'22,97.444,39.0,1.098,100.0,88.563,25.0,1.049,88.333,89.064,17.0,0.94,30.0,98.894,50.0,1.178,96.667,7.237,16.1,10.237,26.967,142.667,76.933,262.667
2022-07-01,Q3'22,95.092,29.0,1.071,100.0,90.062,27.0,1.071,91.667,89.847,21.0,0.951,35.0,88.854,31.0,1.052,88.333,7.193,15.0,8.673,24.567,144.333,80.867,278.0
2022-10-01,Q4'22,95.825,30.0,1.081,100.0,89.826,27.0,1.073,91.667,89.898,21.0,0.953,36.667,91.013,37.0,1.076,93.333,6.52,13.967,9.1,25.167,153.333,66.567,272.0
2023-01-01,Q1'23,89.006,16.0,1.007,83.333,83.951,21.0,1.008,75.0,88.424,14.0,0.939,30.0,76.447,11.0,0.906,48.333,6.7,14.833,8.567,21.767,163.0,59.933,264.333
2023-04-01,Q2'23,91.37,22.0,1.038,96.667,88.33,25.0,1.068,90.0,95.942,39.0,1.021,70.0,67.112,1.0,0.799,18.333,6.577,14.5,8.017,19.167,178.667,60.133,276.667
2023-07-01,Q3'23,88.569,16.0,1.009,86.667,84.829,22.0,1.031,85.0,102.083,68.0,1.087,85.0,67.306,1.0,0.806,20.0,5.72,14.0,7.337,19.267,184.667,70.967,233.667
2023-10-01,Q4'23,81.43,4.0,0.93,48.333,74.056,0.0,0.904,45.0,97.308,45.0,1.035,75.0,74.634,10.0,0.9,45.0,4.797,12.933,6.757,21.167,182.0,57.067,211.333
2024-01-01,Q1'24,84.353,9.0,0.967,65.0,72.718,0.0,0.892,45.0,96.383,43.0,1.026,71.667,70.712,4.0,0.859,28.333,4.487,12.167,6.373,20.3,182.0,58.0,199.667
2024-04-01,Q2'24,88.709,16.0,1.021,93.333,76.086,3.0,0.937,56.667,103.046,74.0,1.1,86.667,75.424,11.0,0.927,58.333,4.46,11.833,5.983,21.733,188.667,67.867,197.0
2024-07-01,Q3'24,89.618,17.0,1.035,96.667,73.281,0.0,0.907,46.667,105.089,78.0,1.124,90.0,84.663,23.0,1.049,88.333,4.013,10.6,5.37,23.967,190.667,66.833,176.333
2024-10-01,Q4'24,85.558,12.0,0.99,78.333,67.76,0.0,0.841,25.0,102.151,68.0,1.096,86.667,83.534,20.0,1.041,86.667,4.097,9.847,5.47,24.2,190.667,63.867,166.333
2025-01-01,Q1'25,95.403,29.0,1.106,100.0,65.833,0.0,0.82,11.667,105.886,81.0,1.141,95.0,76.743,11.0,0.961,73.333,4.48,10.133,5.607,23.233,204.0,64.7,162.667
2025-04-01,Q2'25,93.384,24.0,1.08,100.0,71.649,0.0,0.896,45.0,112.776,93.0,1.217,100.0,68.753,1.0,0.86,28.333,4.577,10.333,5.49,21.267,221.0,70.2,182.667
2025-07-01,Q3'25,89.58,17.0,1.037,96.667,71.432,0.0,0.896,45.0,118.962,100.0,1.283,100.0,65.176,0.0,0.816,21.667,4.083,10.043,4.847,20.7,237.333,78.933,172.667
2025-10-01,Q4'25,80.074,1.0,0.927,46.667,67.064,0.0,0.844,25.0,112.158,92.0,1.206,100.0,60.273,0.0,0.757,10.0,4.003,10.163,4.887,19.5,229.0,66.233,165.667
2026-01-01,Q1'26,79.249,0.0,0.918,38.333,64.737,0.0,0.817,11.667,110.215,90.0,1.18,96.667,54.031,0.0,0.683,5.0,4.17,10.667,5.247,18.5,238.667,65.6,164.667
2026-04-01,Q2'26,84.509,11.0,0.981,75.0,73.377,0.0,0.93,53.333,113.87,94.0,1.215,100.0,60.249,0.0,0.767,10.0,4.357,11.367,5.76,21.067,253.0,68.567,194.667
